Workbook
Name _xleta_ROUND: none

Sheet Bảng Công nhật tổng hợp
A1: BẢNG CÔNG NHẬT TỔNG HỢP
A4: STT | B4: Các hạng mục | C4: Thành tiền (VND)
A5: 1 | B5: Tổng giá cho Công nhật: Nhân công
A6: 2 | B6: Tổng giá cho Công nhật: Vật liệu
A7: 3 | B7: Tổng giá cho Công nhật: Thiết bị của nhà thầu
A8: Tổng giá cho Công nhật (kết chuyển sang cột "số tiền" của Chi phí công nhật trong bảng tổng hợp giá dự thầu)

Sheet Mẫu số 11B. Bảng tổng hợp giá d
A1: MẪU SỐ 11B. BẢNG TỔNG HỢP GIÁ DỰ THẦU
A4: STT | B4: Nội dung công việc | C4: Khối lượng | D4: Đơn vị tính | E4: Đơn giá Hợp đồng | F4: Thành tiền | G4: Đơn giá Hợp đồng | H4: Thành tiền trước thuế | I4: Tuế GTGT | J4: Thành tiền (đã bao gồm thuế GTGT 8%)
A5: 1 | B5: Đào móng công trình, chiều rộng móng <= 10m, bằng máy đào 2,3m3, đất cấp III | C5: 57.98 | D5: 100m3 | E5: 2896373 | F5: 1.6793171e+08 | G5: =+ROUND(E5-(E5*3.37%),0) -> 2798765 | H5: =+J5/1.08 -> 1.5025222e+08 | I5: =+H5*8% -> 12020177 | J5: =+ROUND(C5*G5,0) -> 162272395
A6: 2 | B6: Đắp trả móng bằng đá hộc | C6: 9.94 | D6: 100m3 | E6: 6893210 | F6: 68518507 | G6: =+ROUND(E6-(E6*3.37%),0) -> 6660909 | H6: =+J6/1.08 -> 61305032 | I6: =+H6*8% -> 4904402.6 | J6: =+ROUND(C6*G6,0) -> 66209435
A7: 3 | B7: Thi công lớp đá đệm móng, loại đá hộc | C7: 1044 | D7: m3 | E7: 622869 | F7: 650275236 | G7: =+ROUND(E7-(E7*3.37%),0) -> 601878 | H7: =+J7/1.08 -> 581815400 | I7: =+H7*8% -> 46545232 | J7: =+ROUND(C7*G7,0) -> 628360632
A8: 4 | B8: Vận chuyển đất bằng ôtô tự đổ 12 tấn trong phạm vi <= 500m, đất cấp III | C8: 57.98 | D8: 100m3 | E8: 2447343 | F8: 1.4189695e+08 | G8: =+ROUND(E8-(E8*3.37%),0) -> 2364868 | H8: =+J8/1.08 -> 1.2695838e+08 | I8: =+H8*8% -> 10156670 | J8: =+ROUND(C8*G8,0) -> 137115047
A9: 5 | B9: Chọn đá hộc tại bãi thải bằng máy đào 0.8mm3 (vận dụng) | C9: 156.5 | D9: 100m3 | E9: 2758029 | F9: 4.3163154e+08 | G9: =+ROUND(E9-(E9*3.37%),0) -> 2665083 | H9: =+J9/1.08 -> 3.8619027e+08 | I9: =+H9*8% -> 30895221 | J9: =+ROUND(C9*G9,0) -> 417085490
A10: 6 | B10: Xúc đá hộc tại bãi thải lên phương tiện vận chuyển, bằng máy đào 0,8m3 | C10: 156.5 | D10: 100m3 | E10: 2758029 | F10: 4.3163154e+08 | G10: =+ROUND(E10-(E10*3.37%),0) -> 2665083 | H10: =+J10/1.08 -> 3.8619027e+08 | I10: =+H10*8% -> 30895221 | J10: =+ROUND(C10*G10,0) -> 417085490
A11: 7 | B11: Vận chuyển đá hộc bằng ôtô tự đổ 12 tấn trong phạm vi <= 1000m | C11: 156.5 | D11: 100m3 | E11: 5040501 | F11: 7.8883841e+08 | G11: =+ROUND(E11-(E11*3.37%),0) -> 4870636 | H11: =+J11/1.08 -> 7.0579124e+08 | I11: =+H11*8% -> 56463299 | J11: =+ROUND(C11*G11,0) -> 762254534
A12: 8 | B12: Làm và thả rọ đá, loại rọ 2x1x1 m trên cạn | C12: 6791 | D12: rọ | E12: 1297791 | F12: 8813298681 | G12: =+ROUND(E12-(E12*3.37%),0) -> 1254055 | H12: =+J12/1.08 -> 7.8854514e+09 | I12: =+H12*8% -> 6.3083611e+08 | J12: =+ROUND(C12*G12,0) -> 8516287505
A13: 9 | B13: Đổ bê tông thủ công bằng máy trộn, bê tông sân gia cố, đá 1x2, mác 200 | C13: 25.2 | D13: m3 | E13: 2024044 | F13: 51005909 | G13: =+ROUND(E13-(E13*3.37%),0) -> 1955834 | H13: =+J13/1.08 -> 45636127 | I13: =+H13*8% -> 3650890.1 | J13: =+ROUND(C13*G13,0) -> 49287017
A14: 10 | B14: Đá hộc lát khan sân giảm áp | C14: 30 | D14: m3 | E14: 1154761 | F14: 34642830 | G14: =+ROUND(E14-(E14*3.37%),0) -> 1115846 | H14: =+J14/1.08 -> 30995722 | I14: =+H14*8% -> 2479657.8 | J14: =+ROUND(C14*G14,0) -> 33475380
A15: Cộng phi phí xây dựng Gxd | F15: =+SUM(F5:F14) -> 1.1579671e+10 | J15: =SUM(J5:J14) -> 11189432925
A16: Chi phí dự phòng Gdp | C16: 9.84 | D16: % | F16: =+F15*C16% -> 1.1394397e+09 | J16: =+ROUND(J15*C16%,3) -> 1.1010402e+09
A17: Tổng cộng giá Hợp đồng | F17: =+F15+F16 -> 1.2719111e+10 | J17: =+J15+J16 -> 1.2290473e+10
B19: Hưng thịnh | C19: 39.95 | D19: % | F19: =+F17*C19% -> 5.0812848e+09 | J19: =ROUND(+J17*C19%,0) -> 4910044013
B20: Đại Dương | C20: =100-C19 -> 60.05 | D20: % | F20: =+F17*C20% -> 7.6378261e+09 | J20: =ROUND(+J17*C20%,0)+1 -> 7380429112

Sheet Tổng hợp giá dự thầu
A1: TỔNG HỢP GIÁ DỰ THẦU
A4: STT | B4: Các hạng mục | C4: Thành tiền (VND)
A5: 1 | B5: Các hạng mục áp dụng loại hợp đồng theo đơn giá cố định | C5: 1.2719111e+10
A6: Tổng giá dự thầu (đã bao gồm thuế, phí, lệ phí (nếu có)): | C6: 1.2719111e+10
C7: Số tiền bằng chữ: Mười hai tỷ bảy trăm mười chín triệu một trăm mười nghìn chín trăm năm mươi sáu phảy ba ba bảy bốn đồng

Sheet Phân chia LD (chuẩn TT)
A1: PHÂN CHIA GIÁ TRỊ CÔNG VIỆC GIỮA CÁC THÀNH VIÊN LIÊN DANH
A2: (Căn cứ các hạng mục trong Bảng tổng hợp giá dự thầu - Mẫu số 11B, theo Thông tư 79/2025/TT-BTC)
A4: A. Công ty CP ĐTXD Thương mại Hưng Thịnh Hà Nội (thành viên đứng đầu liên danh)
A5: STT | B5: Nội dung công việc | C5: Khối lượng | D5: ĐVT | E5: Đơn giá HĐ (gồm VAT) | F5: Thành tiền (đã gồm VAT 8%)
A6: 1 | B6: ='Mẫu số 11B. Bảng tổng hợp giá d'!B5 -> Đào móng công trình, chiều rộng móng <= 10m, bằng máy đào 2,3m3, đất cấp III | C6: ='Mẫu số 11B. Bảng tổng hợp giá d'!C5 -> 57.98 | D6: ='Mẫu số 11B. Bảng tổng hợp giá d'!D5 -> 100m3 | E6: ='Mẫu số 11B. Bảng tổng hợp giá d'!G5 -> 2798765 | F6: ='Mẫu số 11B. Bảng tổng hợp giá d'!J5 -> 162272395
A7: 2 | B7: ='Mẫu số 11B. Bảng tổng hợp giá d'!B6 -> Đắp trả móng bằng đá hộc | C7: ='Mẫu số 11B. Bảng tổng hợp giá d'!C6 -> 9.94 | D7: ='Mẫu số 11B. Bảng tổng hợp giá d'!D6 -> 100m3 | E7: ='Mẫu số 11B. Bảng tổng hợp giá d'!G6 -> 6660909 | F7: ='Mẫu số 11B. Bảng tổng hợp giá d'!J6 -> 66209435
A8: 3 | B8: ='Mẫu số 11B. Bảng tổng hợp giá d'!B7 -> Thi công lớp đá đệm móng, loại đá hộc | C8: ='Mẫu số 11B. Bảng tổng hợp giá d'!C7 -> 1044 | D8: ='Mẫu số 11B. Bảng tổng hợp giá d'!D7 -> m3 | E8: ='Mẫu số 11B. Bảng tổng hợp giá d'!G7 -> 601878 | F8: ='Mẫu số 11B. Bảng tổng hợp giá d'!J7 -> 628360632
A9: 4 | B9: ='Mẫu số 11B. Bảng tổng hợp giá d'!B8 -> Vận chuyển đất bằng ôtô tự đổ 12 tấn trong phạm vi <= 500m, đất cấp III | C9: ='Mẫu số 11B. Bảng tổng hợp giá d'!C8 -> 57.98 | D9: ='Mẫu số 11B. Bảng tổng hợp giá d'!D8 -> 100m3 | E9: ='Mẫu số 11B. Bảng tổng hợp giá d'!G8 -> 2364868 | F9: ='Mẫu số 11B. Bảng tổng hợp giá d'!J8 -> 137115047
A10: 5 | B10: ='Mẫu số 11B. Bảng tổng hợp giá d'!B9 -> Chọn đá hộc tại bãi thải bằng máy đào 0.8mm3 (vận dụng) | C10: ='Mẫu số 11B. Bảng tổng hợp giá d'!C9 -> 156.5 | D10: ='Mẫu số 11B. Bảng tổng hợp giá d'!D9 -> 100m3 | E10: ='Mẫu số 11B. Bảng tổng hợp giá d'!G9 -> 2665083 | F10: ='Mẫu số 11B. Bảng tổng hợp giá d'!J9 -> 417085490
A11: 6 | B11: ='Mẫu số 11B. Bảng tổng hợp giá d'!B10 -> Xúc đá hộc tại bãi thải lên phương tiện vận chuyển, bằng máy đào 0,8m3 | C11: ='Mẫu số 11B. Bảng tổng hợp giá d'!C10 -> 156.5 | D11: ='Mẫu số 11B. Bảng tổng hợp giá d'!D10 -> 100m3 | E11: ='Mẫu số 11B. Bảng tổng hợp giá d'!G10 -> 2665083 | F11: ='Mẫu số 11B. Bảng tổng hợp giá d'!J10 -> 417085490
A12: 7 | B12: ='Mẫu số 11B. Bảng tổng hợp giá d'!B11 -> Vận chuyển đá hộc bằng ôtô tự đổ 12 tấn trong phạm vi <= 1000m | C12: ='Mẫu số 11B. Bảng tổng hợp giá d'!C11 -> 156.5 | D12: ='Mẫu số 11B. Bảng tổng hợp giá d'!D11 -> 100m3 | E12: ='Mẫu số 11B. Bảng tổng hợp giá d'!G11 -> 4870636 | F12: ='Mẫu số 11B. Bảng tổng hợp giá d'!J11 -> 762254534
A13: 8 | B13: ='Mẫu số 11B. Bảng tổng hợp giá d'!B12&" (phần 1.433 rọ)" -> Làm và thả rọ đá, loại rọ 2x1x1 m trên cạn (phần 1.433 rọ) | C13: 1433 | D13: ='Mẫu số 11B. Bảng tổng hợp giá d'!D12 -> rọ | E13: ='Mẫu số 11B. Bảng tổng hợp giá d'!G12 -> 1254055 | F13: =ROUND(C13*E13,0) -> 1797060815
A14: 9 | B14: ='Mẫu số 11B. Bảng tổng hợp giá d'!B13 -> Đổ bê tông thủ công bằng máy trộn, bê tông sân gia cố, đá 1x2, mác 200 | C14: ='Mẫu số 11B. Bảng tổng hợp giá d'!C13 -> 25.2 | D14: ='Mẫu số 11B. Bảng tổng hợp giá d'!D13 -> m3 | E14: ='Mẫu số 11B. Bảng tổng hợp giá d'!G13 -> 1955834 | F14: ='Mẫu số 11B. Bảng tổng hợp giá d'!J13 -> 49287017
A15: 10 | B15: ='Mẫu số 11B. Bảng tổng hợp giá d'!B14 -> Đá hộc lát khan sân giảm áp | C15: ='Mẫu số 11B. Bảng tổng hợp giá d'!C14 -> 30 | D15: ='Mẫu số 11B. Bảng tổng hợp giá d'!D14 -> m3 | E15: ='Mẫu số 11B. Bảng tổng hợp giá d'!G14 -> 1115846 | F15: ='Mẫu số 11B. Bảng tổng hợp giá d'!J14 -> 33475380
A16: Cộng chi phí xây dựng (Gxd) - Hưng Thịnh | F16: =SUM(F6:F15) -> 4470206235
A18: B. Công ty CP đầu tư xây dựng Đại Dương (thành viên thứ hai)
A19: STT | B19: Nội dung công việc | C19: Khối lượng | D19: ĐVT | E19: Đơn giá HĐ (gồm VAT) | F19: Thành tiền (đã gồm VAT 8%)
A20: 1 | B20: ='Mẫu số 11B. Bảng tổng hợp giá d'!B12&" (phần 5.358 rọ)" -> Làm và thả rọ đá, loại rọ 2x1x1 m trên cạn (phần 5.358 rọ) | C20: 5358 | D20: ='Mẫu số 11B. Bảng tổng hợp giá d'!D12 -> rọ | E20: ='Mẫu số 11B. Bảng tổng hợp giá d'!G12 -> 1254055 | F20: =ROUND(C20*E20,0) -> 6719226690
A21: Cộng chi phí xây dựng (Gxd) - Đại Dương | F21: =F20 -> 6719226690
A23: C. Tổng hợp giá trị đảm nhận
A24: STT | B24: Thành viên liên danh | C24: Chi phí xây dựng (Gxd) | D24: Dự phòng phân bổ | E24: Giá trị đảm nhận | F24: Tỷ lệ
A25: 1 | B25: Công ty CP ĐTXD TM Hưng Thịnh Hà Nội (đứng đầu) | C25: =F16 -> 4470206235 | D25: =E25-C25 -> 439837778 | E25: =ROUND(ROUND('Mẫu số 11B. Bảng tổng hợp giá d'!J17,0)*39.95%,0) -> 4910044013 | F25: =E25/ROUND('Mẫu số 11B. Bảng tổng hợp giá d'!J17,0) -> 0.3995
A26: 2 | B26: Công ty CP đầu tư xây dựng Đại Dương | C26: =F21 -> 6719226690 | D26: =E26-C26 -> 661202422 | E26: =ROUND('Mẫu số 11B. Bảng tổng hợp giá d'!J17,0)-E25 -> 7380429112 | F26: =E26/ROUND('Mẫu số 11B. Bảng tổng hợp giá d'!J17,0) -> 0.6005
B27: Tổng cộng | C27: =C25+C26 -> 11189432925 | D27: =D25+D26 -> 1101040200 | E27: =E25+E26 -> 12290473125 | F27: =E27/ROUND('Mẫu số 11B. Bảng tổng hợp giá d'!J17,0) -> 1
A29: Ghi chú: Gxd của mỗi thành viên = tổng thành tiền các hạng mục thành viên đó đảm nhận (đã gồm VAT 8%); tỷ lệ % được suy ra từ giá trị hạng mục, đúng nguyên tắc phân chia theo Mẫu 11B. Chi phí dự phòng phân bổ theo tỷ lệ đảm nhận.
